-- ItemScripts
UPDATE `item_template` SET `ScriptName` = 'item_tainted_queldelar' WHERE `entry` IN (49879,49889);

-- Templates
DELETE FROM `creature_template` WHERE entry IN (37523, 36991, 37746, 37763, 37764, 37765, 37781, 38056);
INSERT INTO `creature_template` (`entry`, `difficulty_entry_1`, `difficulty_entry_2`, `difficulty_entry_3`, `KillCredit1`, `KillCredit2`, `modelid1`, `modelid2`, `modelid3`, `modelid4`, `name`, `subname`, `IconName`, `gossip_menu_id`, `minlevel`, `maxlevel`, `exp`, `faction_A`, `faction_H`, `npcflag`, `speed_walk`, `speed_run`, `scale`, `rank`, `mindmg`, `maxdmg`, `dmgschool`, `attackpower`, `dmg_multiplier`, `baseattacktime`, `rangeattacktime`, `unit_class`, `unit_flags`, `dynamicflags`, `family`, `trainer_type`, `trainer_spell`, `trainer_class`, `trainer_race`, `minrangedmg`, `maxrangedmg`, `rangedattackpower`, `type`, `type_flags`, `lootid`, `pickpocketloot`, `skinloot`, `resistance1`, `resistance2`, `resistance3`, `resistance4`, `resistance5`, `resistance6`, `spell1`, `spell2`, `spell3`, `spell4`, `spell5`, `spell6`, `spell7`, `spell8`, `PetSpellDataId`, `VehicleId`, `mingold`, `maxgold`, `AIName`, `MovementType`, `InhabitType`, `Health_mod`, `Mana_mod`, `Armor_mod`, `RacialLeader`, `questItem1`, `questItem2`, `questItem3`, `questItem4`, `questItem5`, `questItem6`, `movementId`, `RegenHealth`, `equipment_id`, `mechanic_immune_mask`, `flags_extra`, `ScriptName`, `WDBVerified`) VALUES
('37523', 0, 0, 0, 0, 0, 30628, 30629, 30630, 30631, 'Warden of the Sunwell', '', '', 0, 80, 80, 0, 35, 35, 1, 1, 1.14286, 1, 0, 0, 0, 0, 0, 1, 0, 0, 2, 0, 0, 0, 0, 0, 0, 0, 0, 0, 0, 7, 0, 0, 0, 0, 0, 0, 0, 0, 0, 0, 0, 0, 0, 0, 0, 0, 0, 0, 0, 0, 0, 0, '', 0, 3, 1, 1, 1, 0, 0, 0, 0, 0, 0, 0, 0, 1, 0, 0, 0, 'npc_sunwell_warder', 12340),
('36991','0','0','0','0','0','21460','0','0','0','Sunwell Guardian','','','0','80','80','0','35','35','0','1','1.14286','1','0','0','0','0','0','1','0','0','1','0','0','0','0','0','0','0','0','0','0','9','0','0','0','0','0','0','0','0','0','0','0','0','0','0','0','0','0','0','0','0','0','0','','0','3','3.45002','1','1','0','0','0','0','0','0','0','144','1','0','0','0','','12340'),
('37746','0','0','0','0','0','20570','17612','0','0','Sunwell Caster Bunny','','','0','1','1','0','114','114','0','1','1.14286','0.72','0','0','0','0','0','1','0','0','1','33554432','0','0','0','0','0','0','0','0','0','10','0','0','0','0','0','0','0','0','0','0','0','0','0','0','0','0','0','0','0','0','0','0','','0','3','1','1','1','0','0','0','0','0','0','0','0','1','0','0','130','','12340'),
('37763','0','0','0','0','0','19706','0','0','0','Grand Magister Rommath','','','0','80','80','0','35','35','0','1','1.14286','1','3','0','0','0','0','1','0','0','2','0','0','0','0','0','0','0','0','0','0','7','4','0','0','0','0','0','0','0','0','0','0','0','0','0','0','0','0','0','0','0','0','0','','0','3','261.78','15.8145','1','0','0','0','0','0','0','0','0','1','897','0','0','','12340'),
('37764','0','0','0','0','0','17122','0','0','0','Lor\'themar Theron','Regent Lord of Quel\'Thalas','','0','80','80','0','35','35','0','1','1.14286','1','3','0','0','0','0','1','0','0','2','0','0','0','0','0','0','0','0','0','0','7','76','0','0','0','0','0','0','0','0','0','0','0','0','0','0','0','0','0','0','0','0','0','','0','3','1305.56','64.4067','1','1','0','0','0','0','0','0','0','1','2209','0','0','','12340'),
('37765','0','0','0','0','0','18146','0','0','0','Captain Auric Sunchaser','High Elf Representative','','0','80','80','0','35','35','0','1','1.14286','1','0','0','0','0','0','1','0','0','1','0','0','0','0','0','0','0','0','0','0','7','0','0','0','0','0','0','0','0','0','0','0','0','0','0','0','0','0','0','0','0','0','0','','0','3','3.45002','1','1','0','0','0','0','0','0','0','0','1','481','0','0','','12340'),
('37781','0','0','0','0','0','15511','0','0','0','Sunwell Honor Guard','','Directions','0','80','80','0','35','35','0','1','1.14286','1','1','0','0','0','0','1','0','0','1','0','0','0','0','0','0','0','0','0','0','7','0','0','0','0','0','0','0','0','0','0','0','0','0','0','0','0','0','0','0','0','0','0','','0','3','7.076','1','1','0','0','0','0','0','0','0','144','1','0','0','0','','12340'),
('38056','0','0','0','0','0','21008','0','0','0','Chamberlain Galiros','','','0','80','80','0','35','35','1','1','1.14286','1','0','0','0','0','0','1','0','0','2','0','0','0','0','0','0','0','0','0','0','7','0','0','0','0','0','0','0','0','0','0','0','0','0','0','0','0','0','0','0','0','0','0','','0','3','2.94806','2','1','0','0','0','0','0','0','0','0','1','0','0','0','npc_queldelar_sp','12340');

DELETE FROM `gameobject_template` WHERE (`entry`=195682);
INSERT INTO `gameobject_template` (`entry`, `type`, `displayId`, `name`, `IconName`, `castBarCaption`, `unk1`, `faction`, `flags`, `size`, `questItem1`, `questItem2`, `questItem3`, `questItem4`, `questItem5`, `questItem6`, `data0`, `data1`, `data2`, `data3`, `data4`, `data5`, `data6`, `data7`, `data8`, `data9`, `data10`, `data11`, `data12`, `data13`, `data14`, `data15`, `data16`, `data17`, `data18`, `data19`, `data20`, `data21`, `data22`, `data23`, `AIName`, `ScriptName`, `WDBVerified`) VALUES
(195682, 10, 8111, 'Portal to Dalaran', '', '', '', 0, 0, 1, 0, 0, 0, 0, 0, 0, 68328, 0, 0, 1, 0, 0, 0, 0, 0, 0, 0, 0, 0, 0, 0, 0, 0, 0, 0, 0, 0, 0, 0, 0, '', 'go_dalaran_portal_sunwell', 12340);

-- Spawns
SET @guid := 14568560;
DELETE FROM `creature` WHERE id IN (37523, 36991, 37746, 37763, 37765, 37765, 37781, 38056);
INSERT INTO `creature` (`guid`, `id`, `map`, `spawnMask`, `phaseMask`, `modelid`, `equipment_id`, `position_x`, `position_y`, `position_z`, `orientation`, `spawntimesecs`, `spawndist`, `currentwaypoint`, `curhealth`, `curmana`, `DeathState`, `MovementType`, `npcflag`, `unit_flags`, `dynamicflags`) VALUES
(@guid,'37781','580','3','2','0','0','1720.53','615.576','28.0503','5.59377','300','0','0','126','0','0','0','0','0','0'),
(@guid+1,'37781','580','3','2','0','0','1686.59','644.382','28.1838','2.15293','300','0','0','126','0','0','0','0','0','0'),
(@guid+2,'37781','580','3','2','0','0','1658.78','629.876','28.3649','5.07855','300','0','0','126','0','0','0','0','0','0'),
(@guid+3,'36991','580','3','2','0','0','1739.09','717.696','71.1903','4.4777','300','0','0','84','0','0','0','0','0','0'),
(@guid+4,'36991','580','3','2','0','0','1761.82','707.575','71.1904','3.84232','300','0','0','84','0','0','0','0','0','0'),
(@guid+5,'36991','580','3','2','0','0','1778.09','692.973','71.1904','3.73393','300','0','0','84','0','0','0','0','0','0'),
(@guid+6,'37746','580','3','2','0','0','1698.45','628.03','28.1989','3.47949','300','0','0','42','0','0','0','0','33554432','0'),
(@guid+7,'36991','580','3','2','0','0','1653.57','634.692','28.0849','0.171978','300','0','0','84','0','0','0','0','0','0'),
(@guid+8,'36991','580','3','2','0','0','1693.99','674.897','28.0503','4.67702','300','0','0','84','0','0','0','0','0','0'),
(@guid+9,'36991','580','3','2','0','0','1745.8','622.226','28.0503','3.07638','300','0','0','84','0','0','0','0','0','0'),
(@guid+10,'36991','580','3','2','0','0','1704.76','583.796','28.1657','1.71842','300','0','0','84','0','0','0','0','0','0'),
(@guid+11,'36991','580','3','2','0','0','1612.32','606.707','33.3215','0.314329','300','0','0','84','0','0','0','0','0','0'),
(@guid+12,'36991','580','3','2','0','0','1621.18','584.858','33.3215','0.42507','300','0','0','84','0','0','0','0','0','0'),
(@guid+13,'36991','580','3','2','0','0','1634.67','563.787','33.3215','0.774572','300','0','0','84','0','0','0','0','0','0'),
(@guid+14,'36991','580','3','2','0','0','1651.28','548.805','33.3215','0.998411','300','0','0','84','0','0','0','0','0','0'),
(@guid+15,'37781','580','3','2','0','0','1680.19','620.726','28.1394','3.53524','300','0','0','126','0','0','0','0','0','0'),
(@guid+16,'37763','580','3','2','0','897','1662.56','622.758','28.0502','4.86257','300','0','0','8200','1200','0','0','0','0','0'),
(@guid+17,'38056','580','3','2','0','0','1671.49','606.427','28.0504','3.83603','300','0','0','41','60','0','0','0','0','0'),
(@guid+18,'37764','580','3','2','0','0','1665.9','624.107','28.0504','5.00237','300','0','0','16400','1800','0','0','0','0','0'),
(@guid+19,'37765','580','3','2','0','0','1703.85','602.353','28.0503','2.64381','300','0','0','42','0','0','0','0','0','0'),
(@guid+20,'37781','580','3','2','0','0','1666.81','631.886','28.0502','4.56725','300','0','0','126','0','0','0','0','0','0'),
(@guid+21,'37781','580','3','2','0','0','1659.63','625.187','28.2451','1.65029','300','0','0','126','0','0','0','0','0','0'),
(@guid+22,'37781','580','3','2','0','0','1671.96','631.276','28.0503','4.46279','300','0','0','126','0','0','0','0','0','0'),
(@guid+23,'37781','580','3','2','0','0','1671.33','624.754','28.0503','1.472','300','0','0','126','0','0','0','0','0','0'),
(@guid+24,'37781','580','3','2','0','0','1696.11','608.161','28.1093','4.55154','300','0','0','126','0','0','0','0','0','0');

DELETE FROM `gameobject` WHERE id IN (195682);
INSERT INTO `gameobject` (`guid`, `id`, `map`, `spawnMask`, `phaseMask`, `position_x`, `position_y`, `position_z`, `orientation`, `rotation0`, `rotation1`, `rotation2`, `rotation3`, `spawntimesecs`, `animprogress`, `state`) VALUES
('463134','195682','580','3','2','1669.68','663.748','28.0503','5.2859','0','0','0.478235','-0.878232','300','0','1'),
('463136','195682','580','3','2','1734.47','596.174','28.0503','2.33751','0','0','0.920264','0.391297','300','0','1');

-- Says
SET @entry := -1380561;
DELETE FROM script_texts WHERE entry BETWEEN -1380572 AND -1380561;
INSERT INTO script_texts (entry, content_default, emote) VALUES
(@entry, 'Damas y Caballeros, les presento a $N, portador de Quel\'Delar.', 0),
(@entry - 1, '¿De verdad es esa Quel\'Delar?', 0),
(@entry - 2, 'Ya lo veremos.', 0),
(@entry - 3, '¡Mira Lor\'themar! Sin duda es Quel\'Delar.', 1),
(@entry - 4, 'Asi sea. Tienes mi agradecimiento, $N, por restaurar Quel\'Delar a sus legítimos propietarios', 0),
(@entry - 5, '¿Que siginifica esta traición?', 0),
(@entry - 6, 'Suelta el arma y rindete, traidor.', 0),
(@entry - 7, 'Esto no es culpa mia, Rommath. No es ninguna traición.', 0),
(@entry - 8, 'Retira a tus hombres. La estupidez del propio Lor\'themar causó sus heridas. Quel\'Delar no se elige, ella elige a su maestro.', 0),
(@entry - 9, 'Guaridas, volved a vuestros puestos', 0),
(@entry - 10,'Tendras lo que buscas, $N. Toma la espada y marchate. Y tu Auric, ten cuidado con lo que dices en este lugar sagrado.', 0),
(@entry - 11,'Lleva la espada a Dalaran a traves del portal, $N. Has hecho lo que muchos quel\'dorei han soñado durante años. Por fin se ha restaurado Quel\'Delar.',0)